,step,reward,actor_loss,alpha,alpha_loss,avg_conservative_loss,avg_smooth_loss,conservative_weight,critic_loss,max_actor_loss,max_alpha_loss,max_critic_loss,max_mle_prob,max_q1,max_q2,max_target_q,max_v,max_value_loss,max_weight,min_actor_loss,min_alpha_loss,min_critic_loss,min_mle_prob,min_q1,min_q2,min_target_q,min_v,min_value_loss,min_weight,mle_prob,q1,q2,target_q,v,value_loss,weight,eval_time,time
0,0,1.8159668772874953,,,,,,,,,,,,,,,,,,,,,,,,,,,,,,,,,,,,
1,10000,12.039838105030844,-25.172451,0.058609724,-13.913197,-0.0016000482,1.4474057,1.0,2.0042236,3.5319982,61.760967,91.839676,26.950329,45.515327,45.530487,43.583195,44.905033,3.9675329,0.7,-48.96468,-44.47105,4.7987123e-06,-8.884232,-3.0859249,-2.625823,-0.04909816,-3.03195,1.18813475e-07,0.3,1.5188038,24.714909,24.747501,24.700077,24.409374,0.08089602,0.4421875,1.965341567993164,2.587280813852946
2,20000,3.600240413661519,-38.75906,0.0035365461,-17.665789,-0.0036628463,2.7572248,1.0,2.8665094,7.770278,90.99712,77.9185,14.44425,72.05685,72.06441,71.399734,71.33121,9.094635,0.7,-72.83074,-69.988556,0.0020175711,-10.570112,-10.928856,-8.691299,-10.701333,-9.96877,1.66893e-07,0.3,0.705112,38.191895,38.168877,38.359966,37.93199,0.28039458,0.47499996,1.1072931289672852,3.530318033695221
3,30000,14.89830757380353,-47.085625,0.0001951198,-20.972351,-0.0023804482,3.885473,1.0,3.8687174,6.4773088,201.76743,82.265205,29.068012,86.83946,86.60608,86.46461,86.55235,6.4516854,0.7,-88.56392,-105.924614,0.0005356739,-11.193603,-6.604892,-7.075941,-9.838873,-6.540748,1.7462299e-11,0.3,0.6048097,46.26342,46.148,46.260864,46.212696,0.26586863,0.403125,1.991417407989502,4.490448733170827
4,40000,19.385342270492377,-54.014755,1.0720153e-05,-20.973297,0.0014516164,4.803336,1.0,3.2396376,4.1388826,236.19365,50.046715,21.869045,95.77747,96.819664,97.54636,95.66826,7.6071534,0.7,-95.96417,-145.1181,0.0067276005,-16.323198,-4.9944196,-5.767951,-6.648898,-5.3924,7.568899e-06,0.3,0.3441478,52.96425,53.013214,53.209038,53.34927,0.41584158,0.38593748,2.5192453861236572,5.455429339408875
5,50000,15.156793409807898,-53.884342,5.639513e-07,-23.524391,-0.0041659116,5.430496,1.0,4.838192,10.925278,271.26447,110.58386,15.087128,100.61183,100.20572,99.8657,99.78069,7.6280437,0.7,-100.35208,-194.32434,0.0040883524,-11.818382,-12.350479,-13.212829,-12.587035,-11.849708,2.9438525e-07,0.3,0.23641634,52.896946,52.921486,52.738087,52.852768,0.42730746,0.4453125,2.6706531047821045,6.4284874439239506
6,60000,5.275010303892377,-54.842377,3.0003243e-08,-29.796425,-0.0037040145,5.8829226,1.0,6.30507,12.903796,480.52,292.23965,18.697222,103.132774,101.923386,100.523834,102.58748,19.455322,0.7,-102.725586,-217.78178,0.0022355404,-29.909315,-14.271123,-13.881166,-11.50054,-11.410489,4.4424525e-07,0.3,-0.018532854,53.93187,54.08562,54.222378,54.073486,0.64014685,0.44375,1.0640008449554443,7.377588673432668
7,70000,4.769407622945794,-56.750248,1.6060641e-09,-21.768011,-0.008797904,6.2234507,1.0,8.924362,13.402166,577.66833,1250.5068,19.061161,103.652245,103.94224,104.538994,104.19941,19.61945,0.7,-105.052414,-289.89023,0.0052587213,-17.747826,-13.630534,-13.969536,-6.075115,-14.143068,3.9156294e-08,0.3,0.18267582,55.555317,55.794243,55.811237,55.879005,0.54716474,0.45625,0.9886667728424072,8.316052269935607
8,80000,47.30380567411535,-57.31254,8.6162376e-11,-24.915073,-0.009708001,6.495032,1.0,3.885189,11.675229,609.0428,65.96326,27.2976,101.47993,101.27626,101.66184,101.4062,22.427488,0.7,-103.45722,-341.9335,0.002438359,-16.168858,-14.764625,-14.128932,-18.216005,-15.291829,1.6298145e-10,0.3,0.7514856,56.162434,56.227043,56.257904,56.332943,0.49052662,0.490625,4.805054187774658,9.326173464457193
9,90000,50.097193532582196,-55.64083,4.6004723e-12,-65.90242,-0.005246799,6.4531426,1.0,4.7822666,17.10248,880.0087,105.03102,14.660454,100.72537,100.18182,100.68147,99.72452,30.252024,0.7,-102.08884,-374.64752,0.001093045,-13.762011,-16.11542,-14.246496,-14.792909,-15.208043,1.1941113e-06,0.3,-0.060169607,54.74408,54.681053,55.061832,54.95892,0.6309947,0.43124998,4.855549573898315,10.334429860115051
10,100000,36.37179183249225,-57.74922,2.451128e-13,-62.498283,-0.0022487303,6.172849,1.0,4.811623,6.892594,747.8058,352.04266,20.02769,101.83073,101.525116,102.01094,102.57061,16.695824,0.7,-103.672905,-359.9889,0.0028217179,-15.817208,-6.7845106,-7.522301,-7.1256795,-6.779579,3.206292e-06,0.3,0.36286208,56.470673,56.586487,56.590733,56.62202,0.5680764,0.4265625,3.953111171722412,11.328036320209502
11,110000,62.85128563990501,-57.460346,1.3187399e-14,-35.481766,-0.008568984,6.157594,1.0,3.5355663,8.059923,787.38446,100.695045,16.711164,103.32247,102.06467,103.590805,103.07539,28.362976,0.7,-103.537025,-395.07394,0.0017234895,-16.152851,-5.058525,-5.597088,-5.9356804,-6.780917,2.9703369e-08,0.3,0.64592546,56.255066,56.15721,56.371666,56.38915,0.5995065,0.47187498,5.809669256210327,12.35512507756551
12,120000,54.30165272777829,-58.62026,7.0296275e-16,-87.15544,-0.012471311,6.712335,1.0,4.6569896,6.654107,658.48517,163.18759,20.011068,113.61913,112.81788,112.28446,111.53615,9.635556,0.7,-112.71339,-434.6977,1.2438119e-05,-15.695409,-9.143374,-9.218019,-0.14784506,-10.917421,4.849717e-06,0.3,0.09748845,57.495434,57.586853,57.54787,57.565075,0.5534326,0.42031246,5.042615175247192,13.367355541388195
13,130000,57.9709212681082,-55.38138,3.7877305e-17,-56.931282,-0.012039186,7.0077515,1.0,5.902424,9.890318,806.10675,130.77853,19.381435,102.98342,102.76993,103.71242,103.22792,48.856358,0.7,-104.51714,-474.7772,0.008710584,-15.098103,-11.047047,-10.018749,-8.0232315,-7.25233,2.1515298e-07,0.3,0.5437758,53.936592,54.072636,54.143677,54.16427,0.92056906,0.47812498,5.567450523376465,14.39010821580887
14,140000,78.2946410914935,-58.29811,2.0562045e-18,-56.344803,-0.0063871886,6.489994,1.0,3.970602,8.395723,886.6649,95.557915,17.186943,108.45853,108.863655,108.38901,108.56695,19.354485,0.7,-112.46497,-484.6475,0.0001886161,-14.111244,-6.796751,-6.4635563,-6.1631365,-6.695879,1.4715898e-05,0.3,0.584738,57.174175,57.2044,57.5661,57.505,0.6423973,0.43906248,7.052096366882324,15.43428616921107
15,150000,76.55830401694635,-57.372704,1.1153104e-19,-79.76721,-0.01323649,6.512895,1.0,6.43889,-6.673395,753.9083,298.0549,14.66834,106.291336,106.988525,106.53011,106.8472,93.144394,0.7,-108.097626,-514.44775,0.013635865,-12.669223,4.5421495,3.7784996,2.4463468,2.2318654,2.2022212e-05,0.3,0.06375252,56.49099,56.405834,56.40872,56.648373,0.8761636,0.40624997,7.059005975723267,16.48111855983734
16,160000,68.06803462102822,-58.09871,6.0432353e-21,-87.132675,-0.022581825,6.8226466,1.0,5.298189,5.0707865,888.48303,229.52975,25.090248,104.10416,103.83042,102.16721,103.002335,13.9584465,0.7,-106.201385,-522.36884,0.0030434362,-17.34615,-3.5189524,-3.3706942,-6.789418,-9.373334,9.979456e-07,0.3,0.60576767,56.86901,56.889214,56.468155,56.554726,0.75131595,0.4640625,6.248694658279419,17.513151903947193
17,170000,78.23197846441002,-57.7212,3.2704303e-22,-69.17958,0.003935986,7.1709313,1.0,6.8406925,2.2795248,1382.5795,158.45782,14.534958,108.305115,108.15759,106.63055,106.59793,24.293573,0.7,-109.919586,-620.32587,0.015425552,-14.2683735,-3.0528107,-2.8580153,-0.33151436,-1.739647,9.604099e-06,0.3,0.4149496,56.726204,56.781303,57.02546,57.1976,0.6975239,0.4609375,7.2688820362091064,18.56751096645991
18,180000,57.28229400026393,-57.659348,1.7868727e-23,-96.91976,-0.019749148,6.8108115,1.0,4.7267294,0.4886018,2916.7502,117.14101,16.830599,104.76846,103.616684,106.98429,105.51159,19.408958,0.7,-107.12431,-652.1054,0.005656304,-15.666658,-9.905012,-7.6726794,-9.415381,-5.5329347,1.4715898e-05,0.3,0.7334211,56.54652,56.389412,56.684734,56.770348,0.7414876,0.3984375,5.260264158248901,19.58261369864146
19,190000,76.48967775405673,-59.55213,9.858298e-25,-70.07094,0.008593234,6.7983446,1.0,4.245987,8.456771,3148.1157,93.66424,15.915056,107.77965,107.527534,109.77497,107.417496,38.764614,0.7,-109.18431,-647.0103,0.008470474,-17.792501,-6.780401,-9.100862,-6.6524243,-4.6636744,1.9843388e-05,0.3,0.48346394,58.288673,58.12378,58.61058,58.938847,0.6403917,0.378125,6.827159881591797,20.62190587123235
20,200000,51.85659577747954,-56.334965,5.4213036e-26,-90.65172,-0.0013804995,7.102924,1.0,5.7662973,10.894994,1968.9525,183.739,22.085218,103.1222,104.12903,100.96736,103.6677,7.077985,0.7,-103.59326,-719.158,0.005780568,-18.777878,-12.380386,-10.107207,-16.592527,-14.071997,7.2031304e-05,0.3,0.5790676,55.179688,55.188087,55.597404,55.27435,0.48816454,0.4453125,4.947012424468994,21.634425258636476
21,210000,65.60540495730451,-58.044945,2.9877774e-27,-85.20996,0.014351576,6.9984117,1.0,4.7042694,4.640335,1576.352,65.65639,21.534754,100.280426,99.62541,99.819954,100.07811,37.390453,0.7,-100.7367,-723.64514,0.0015243974,-18.901812,-8.254435,-11.704865,-13.032586,-12.434449,7.873965e-06,0.3,0.4564527,56.832832,56.7012,57.003517,57.07816,0.8230891,0.42499998,6.050848722457886,22.66327826579412
22,220000,73.88164877588622,-58.82173,1.6523244e-28,-105.09154,-0.017799724,6.657899,1.0,4.439166,9.836077,3489.3633,89.25893,20.058329,104.34714,105.032906,103.96455,104.582726,29.542341,0.7,-108.44127,-858.6649,0.0012754127,-10.511137,-8.106364,-6.1777325,-5.363835,-6.366616,7.019076e-06,0.3,0.90471214,57.64068,57.72539,57.43447,57.457268,0.72317135,0.47812498,6.830451011657715,23.710631287097932
23,230000,63.081370249812544,-58.382507,9.034631e-30,-59.720173,-0.009371191,7.2390876,1.0,4.4654617,6.4193897,3489.1724,120.8322,30.76772,101.635864,101.67075,101.727264,101.66949,17.094208,0.7,-102.578926,-766.6727,0.009895856,-19.215664,-6.0648704,-4.649241,-4.034042,-4.6448455,2.012709e-06,0.3,1.0576307,57.048462,57.122677,57.45005,57.539085,0.67197,0.40937498,5.8504798412323,24.728256086508434
24,240000,65.60423230078672,-54.265236,5.005618e-31,-94.134575,-0.01305593,7.7495074,1.0,7.4588337,9.17867,1950.8243,451.5453,17.990238,102.181854,101.87611,104.55463,102.30234,11.419492,0.7,-103.34005,-944.84393,0.0061233644,-20.958334,-6.5061235,-9.361059,-8.097412,-8.244868,1.4248245e-06,0.3,0.23316549,52.957634,53.07054,53.410675,53.415043,0.77272946,0.43281248,6.437816858291626,25.766450814406078
25,250000,66.85587187751672,-55.74095,2.7715753e-32,-83.58794,2.1165238e-06,6.9544563,1.0,4.3270845,4.698814,2858.045,54.528545,15.993461,101.86245,101.97562,101.53417,101.09981,52.944572,0.7,-103.21372,-733.6934,0.003757552,-17.968721,-4.0183854,-4.6632824,-3.3988955,-4.0426016,7.0549436e-07,0.3,0.1892656,54.641586,54.72896,54.602943,54.80342,0.79337096,0.45,6.80974817276001,26.808003799120584
26,260000,79.64467341621481,-59.749157,1.5407722e-33,-129.75122,-0.0009671258,6.49006,1.0,4.02071,16.92654,3074.2039,283.4453,23.350449,102.76576,102.6245,102.61516,102.26285,31.141333,0.7,-104.84967,-942.98364,0.008368593,-18.175085,-13.872221,-15.303762,-12.21873,-15.8207855,2.2505585e-06,0.3,0.92025673,58.85872,58.83397,58.50517,58.479324,0.7222631,0.509375,7.814312696456909,27.86500266393026
27,270000,77.27742302195651,-56.16276,8.560944e-35,-118.289,-0.0044398303,7.6695266,1.0,3.54139,6.693937,1582.1918,62.686768,22.245941,103.43843,103.180374,102.67326,103.474556,10.564856,0.7,-107.106384,-1002.7589,0.0046367105,-17.633076,-7.1813087,-6.8064456,-7.2056956,-6.172899,5.339435e-06,0.3,0.70608157,54.83575,54.755898,54.718666,55.04108,0.6553047,0.41875,7.64927077293396,28.91358652909597
28,280000,70.51025880845232,-57.86304,4.687663e-36,-140.59705,-0.0150373,7.555706,1.0,5.334814,8.498269,2570.6318,396.3416,22.537586,103.150345,104.11874,109.69876,104.83905,13.834444,0.7,-106.98398,-1032.256,0.0027238885,-13.3324585,-6.6604843,-7.2545066,-8.481538,-7.606038,1.08066885e-07,0.3,1.0306726,56.721436,56.737175,57.012505,57.01246,0.6439312,0.446875,7.152422666549683,29.956028060118356
29,290000,62.565155113612356,-61.03634,2.608847e-37,-74.92541,-0.019836444,7.108068,1.0,4.9829335,6.9090376,5391.6846,137.37477,17.632355,105.00555,104.93591,102.86859,105.2855,15.980114,0.7,-106.58545,-861.18286,0.0073832017,-16.122875,-5.1852145,-5.52887,-7.20743,-6.5938063,2.9194327e-05,0.3,0.9188216,59.651554,59.791016,59.197453,59.50342,0.7068057,0.40156248,6.262701511383057,30.98607138792674
30,300000,71.33042268307901,-54.567772,1.4420115e-38,-138.889,-0.0050335936,7.052813,1.0,5.0625925,6.9875884,2759.0742,131.97845,20.25102,103.29076,103.99546,102.59401,102.23086,25.230972,0.7,-104.56517,-1175.1156,0.0026207305,-14.746618,-10.800235,-9.10684,-8.919951,-6.9874115,0.0001011284,0.3,0.74179345,53.662506,53.44378,53.30475,53.53488,0.68906057,0.47968748,7.284335374832153,32.02737000783284
31,310000,85.67421570681387,-58.43931,8.02633e-40,-199.1148,-0.007824975,6.9841065,1.0,4.1150723,17.665255,1317.3488,71.292885,29.26694,99.35425,100.653595,99.286705,99.341606,7.194029,0.7,-103.04332,-1108.968,0.0018683001,-13.288245,-15.857763,-15.669337,-11.195601,-16.818388,1.6261329e-05,0.3,1.1264218,57.303688,57.32852,56.988487,56.999687,0.45802122,0.45468748,7.682846307754517,33.06909745534261
32,320000,68.84076709014141,-57.022186,4.5017e-41,-50.327896,-0.010048996,7.595611,1.0,5.5188,6.779398,4696.702,109.45874,15.667671,104.30349,105.018166,104.358864,104.87604,12.101548,0.7,-108.9558,-997.30133,0.0034693982,-14.619257,-5.683268,-5.2574234,-4.129951,-6.2819996,8.260759e-07,0.3,0.7941985,55.651955,55.82841,56.01704,55.76428,0.70695245,0.42499998,6.272475242614746,34.07898550430934
33,330000,82.89430671217406,-56.225517,2.489e-42,-118.20694,-0.019969506,7.3956122,1.0,3.3860404,14.040976,2072.7185,84.92102,20.352985,98.87553,97.64485,97.74567,98.05316,10.143112,0.7,-101.93813,-1151.215,0.0025822571,-17.422804,-15.550116,-12.848587,-12.220344,-12.945132,2.9855593e-05,0.3,0.6332177,54.791023,54.894913,54.716827,54.73884,0.6110008,0.4578125,7.298252105712891,35.09583983421326
34,340000,67.54643859837377,-59.21222,1.39e-43,-141.35548,-0.0060508363,7.4816184,1.0,5.921265,11.970269,1783.402,101.977684,17.54815,106.70581,105.59382,107.05462,106.885826,13.603631,0.7,-107.19507,-1325.5342,0.016756278,-13.499308,-13.757693,-10.300456,-11.905503,-13.551205,2.2396012e-08,0.3,0.9052887,57.999245,57.924294,58.30258,58.35901,0.81076807,0.434375,6.241030931472778,36.10192754268646
35,350000,60.502292463130814,-57.366802,8e-45,-78.76337,-0.009137767,7.380975,1.0,4.160477,8.60578,8257.776,60.119328,20.254662,103.747215,103.80512,105.10557,105.29735,17.131247,0.7,-106.69582,-1385.0292,0.0030308033,-18.034702,-8.515463,-8.038476,-10.196867,-9.432523,7.591778e-07,0.3,1.1811483,55.837532,55.871796,56.09993,55.91249,0.6586602,0.46249998,5.723738431930542,37.10131990114848
36,360000,75.1714691732116,-56.62809,0.0,-144.20636,-0.017821942,7.5154796,1.0,5.2709618,5.0741243,5147.4497,175.09941,16.903671,102.75699,103.52631,102.991165,103.54147,10.046092,0.7,-105.92094,-1347.4143,0.00029345468,-12.915169,-3.8056488,-4.289598,-5.123013,-5.427379,1.0890787e-05,0.3,0.31971908,54.970467,55.241512,55.396965,55.54769,0.6632233,0.421875,6.776808261871338,38.118644603093465
37,370000,90.20746075190677,-57.5401,0.0,-180.97177,-0.01650763,7.5048633,1.0,3.46623,3.3553195,2211.3005,66.710976,21.957912,102.76594,102.76562,103.23988,103.29909,12.051193,0.7,-104.59508,-1368.9,0.00034529902,-26.443233,-6.8337274,-3.384882,-3.7788339,-4.0824385,9.562355e-08,0.3,0.84275895,56.38159,56.402153,56.617615,56.559967,0.5425179,0.46249998,7.93899130821228,39.155144202709195
38,380000,71.6404557529187,-56.722,0.0,-127.11209,-0.012683819,7.6726985,1.0,4.890424,5.957321,6123.6367,87.75101,20.973614,98.24774,98.4781,97.43068,97.930016,15.360382,0.7,-102.4884,-1256.5505,0.002019698,-20.66959,-9.342244,-9.124116,-9.311369,-9.517353,7.700874e-07,0.3,1.030801,55.382023,55.47403,55.312183,55.385353,0.59589887,0.465625,6.4684507846832275,40.16943480968475
39,390000,55.207251749811284,-55.209457,0.0,-115.29086,-0.017662974,8.390006,1.0,5.020729,5.228942,3951.8643,128.56041,19.807407,100.00526,99.971954,99.46189,100.079704,91.753204,0.7,-100.84637,-1599.9888,0.00017035037,-23.986713,-0.9468602,-2.4865193,-1.6746353,-2.2906516,3.2287792e-06,0.3,0.6762903,53.942688,53.734627,53.42755,53.545135,1.0861293,0.4421875,5.152322769165039,41.15680511792501
40,400000,68.75052148974828,-54.50354,0.0,-103.83316,-0.011304357,7.525552,1.0,4.292674,7.9353056,8106.1235,102.593506,16.628078,106.60188,105.69017,105.36087,105.11846,21.5962,0.7,-109.71092,-1397.4961,0.00203801,-18.235765,-7.4805694,-6.3690734,-7.707306,-8.574666,2.2614695e-05,0.3,0.24846843,52.91667,52.990196,52.721,52.67063,0.75587326,0.4390625,6.113615036010742,42.1663179397583
41,410000,53.31410705832381,-55.794754,0.0,-103.20014,0.0023894538,7.714854,1.0,8.267382,10.221209,7129.505,990.70496,21.774942,97.07685,96.90422,97.398636,97.69156,52.77026,0.7,-100.53666,-1470.3386,0.004486839,-12.2102375,-7.515334,-7.8709826,-8.411699,-8.514774,1.695659e-06,0.3,1.0297437,54.405106,54.455666,54.28798,54.317757,0.87463725,0.46875,5.038697957992554,43.156244321664175
42,420000,68.32936066743649,-56.960526,0.0,-155.23715,-0.003147543,7.911278,1.0,3.5256786,8.481684,5299.291,46.567757,20.63538,102.931366,102.6607,102.29236,102.71412,17.952692,0.7,-105.441826,-1715.3582,0.0020889286,-16.766745,-7.246591,-5.825013,-8.995308,-7.65121,2.939789e-07,0.3,0.82041556,55.65689,55.530167,55.58492,55.58574,0.6784715,0.45468748,6.19007682800293,44.16453870932261
43,430000,76.71269315080553,-56.943687,0.0,-192.64261,-0.01901487,7.2992096,1.0,4.6025186,8.666647,4700.189,105.49361,22.594921,99.32941,99.72948,99.52855,100.89376,15.745455,0.7,-101.3032,-1559.0756,0.0015790733,-15.625177,-5.7934113,-5.343467,-4.7435327,-5.7059774,3.4424477e-06,0.3,0.6303866,55.716568,55.763798,56.159557,55.80609,0.7295414,0.47656247,7.0532801151275635,45.194232487678526
44,440000,63.559606481991835,-57.581856,0.0,-241.56097,-0.024058834,7.550645,1.0,4.1560473,6.7545714,2494.0388,53.18956,16.714289,102.08699,103.06467,103.58418,102.85551,37.494766,0.7,-104.453835,-1740.415,0.003907052,-13.8391905,-9.270878,-9.100719,-10.253281,-9.89933,2.237661e-05,0.3,0.76769674,56.39462,56.393738,56.768654,56.94502,0.97316307,0.40781248,6.161352157592773,46.2029083609581
45,450000,77.50856411486893,-55.581055,0.0,-141.56989,0.012494004,7.4866877,1.0,5.252442,11.221537,7322.354,142.21048,14.693018,100.47826,100.76259,100.09775,99.49321,12.531353,0.7,-103.63808,-2004.6388,0.0012695084,-12.741524,-12.139003,-13.657271,-12.260017,-11.926039,1.1597037e-05,0.3,0.20502822,54.154945,54.27791,54.64215,54.412872,0.7249383,0.434375,7.399231910705566,47.23311605453491
46,460000,62.70266661245408,-56.327187,0.0,-229.42091,-0.005788386,8.490961,1.0,4.491169,9.164401,2638.0886,210.05847,21.908388,99.73557,99.19874,100.6824,99.54093,16.610674,0.7,-101.45844,-1889.6497,0.0005447889,-20.28498,-10.766143,-11.271148,-9.672086,-9.900589,1.2616511e-09,0.3,0.22285539,55.019524,54.854034,55.270588,55.33066,0.7162802,0.40156248,5.8986124992370605,48.23769644498825
47,470000,55.72382133674557,-57.84813,0.0,-168.47911,-0.009742431,7.515874,1.0,4.5293655,8.378932,3903.1387,160.38737,29.98861,103.33174,102.473656,102.16178,101.88134,13.198276,0.7,-105.3371,-1725.9675,0.014327303,-18.061995,-7.176429,-5.3338795,-4.9934134,-7.0566196,8.332019e-07,0.3,1.1996734,56.72999,56.65973,56.276314,56.243385,0.57336617,0.5140625,5.650739908218384,49.235403788089755
48,480000,42.690836758051034,-58.527428,0.0,-276.22595,-0.010965238,7.0999575,1.0,3.720985,10.582115,3068.5955,73.84741,18.568134,100.20333,99.98779,100.85678,100.26891,6.330878,0.7,-102.21036,-1755.9015,0.0009939263,-16.833635,-13.609406,-12.866498,-12.530189,-13.031389,2.6850032e-07,0.3,1.3505762,57.478447,57.439774,57.630363,57.738823,0.54248714,0.4046875,4.181250810623169,50.208091560999556
49,490000,76.8148240085257,-58.150803,0.0,-208.86372,-0.0062343804,7.6876283,1.0,3.7009563,5.5455637,5510.219,42.539627,21.355686,97.631546,97.89511,98.86493,98.4369,10.861612,0.7,-100.667175,-1902.3086,0.02008151,-19.739939,-4.4061847,-4.278444,-6.0754027,-5.837963,2.6153111e-06,0.3,1.0806444,56.753136,56.894382,57.250374,57.171253,0.5794944,0.46875,7.326000452041626,51.225188652674355
50,500000,81.83498377311224,-58.191242,0.0,-125.569786,-0.009082424,7.2284226,1.0,3.974188,8.757754,9402.947,56.89513,16.074419,101.63727,100.454796,100.44946,102.00999,21.322628,0.7,-101.21735,-1978.777,0.006208298,-19.459545,-10.395577,-9.93978,-10.676959,-10.132523,4.056911e-06,0.3,0.30951548,56.990788,56.866455,56.748405,56.728653,0.7651408,0.50624996,7.482465744018555,52.252718110879265
51,510000,66.36331802414527,-60.197205,0.0,-127.10671,1.1365489e-05,7.1712747,1.0,5.0627584,5.7802863,3614.6301,282.14697,24.502495,103.43014,102.97783,103.372635,102.29924,17.683952,0.7,-103.790565,-1611.6506,0.0029241731,-19.833763,-4.2530937,-4.645786,-3.5557826,-5.4572973,1.4084392e-06,0.3,1.7396122,58.809803,58.645477,58.310555,58.420177,0.7309581,0.4609375,6.197136878967285,53.25983642339706
52,520000,66.98434244199144,-56.553093,0.0,-156.1901,-0.011773652,7.871382,1.0,4.0682373,5.533991,7497.0557,63.809753,16.119894,97.09021,99.39869,98.73653,99.37802,13.237169,0.7,-100.408264,-2305.008,0.0011549967,-24.470594,-5.0767956,-4.87807,-5.085706,-5.3425646,0.00013757289,0.3,0.51592165,54.92743,55.053665,54.978626,55.124084,0.6473667,0.4171875,6.91652512550354,54.27892121871312
53,530000,59.068957145945035,-56.263145,0.0,-101.9841,-0.020608077,8.113754,1.0,4.862879,6.2703667,7700.8955,180.46747,29.04349,98.67031,98.38607,97.76997,99.01815,52.625824,0.7,-101.03922,-1715.0569,0.0053293686,-20.22462,-6.591813,-8.697502,-8.865344,-6.681525,1.2735534e-05,0.3,0.46595818,54.73915,54.86448,54.31833,54.70801,0.9654199,0.421875,5.520484209060669,55.27445619901021
54,540000,71.3346903295728,-53.839066,0.0,-180.98077,0.0015874183,7.9485636,1.0,4.225745,7.511985,5462.188,63.21914,26.625483,100.99646,104.06169,103.93061,103.670784,20.61803,0.7,-105.35376,-2401.0515,0.0032078908,-18.6724,-3.1253817,-5.317501,-5.293187,-3.221048,1.4134029e-06,0.3,0.3546763,52.709496,52.856956,53.181217,53.23255,0.844812,0.421875,6.512186765670776,56.2926641702652
55,550000,68.35210014643975,-55.446404,0.0,-288.53656,-0.008507155,7.013656,1.0,4.4240265,11.169731,4420.0156,96.063934,17.667555,100.148445,100.79666,99.835594,99.33182,22.56763,0.7,-101.545586,-2618.983,0.0023432772,-17.199787,-8.876393,-11.172868,-7.121599,-8.3224125,3.0935527e-05,0.3,0.6297865,54.19834,54.253872,54.622772,54.595665,0.67870796,0.43593746,6.275896072387695,57.307903468608856
56,560000,70.9504260366695,-54.547108,0.0,-305.4873,-0.012444453,7.209114,1.0,3.9189866,10.747162,3348.888,67.765755,17.835627,103.58893,103.32782,102.277115,103.02915,139.57095,0.7,-104.82199,-2543.146,0.0051579047,-23.13922,-9.170599,-8.864032,-7.8836527,-7.9149566,3.2891287e-06,0.3,0.33864117,53.19818,53.304844,53.382736,53.386204,1.1369263,0.44687498,6.551746368408203,58.32364050149918
57,570000,76.30579267632247,-58.65886,0.0,-320.88553,0.0005602304,7.6607485,1.0,4.010199,10.412422,2913.6682,133.98758,13.416686,97.074745,96.43472,97.719345,96.463455,17.358963,0.7,-96.294624,-2531.6326,0.00073767285,-12.922631,-10.748331,-11.661139,-11.551864,-12.186028,3.6386627e-05,0.3,0.9601729,57.40298,57.491142,57.32762,57.419033,0.8338731,0.5,6.871482849121094,59.34573103984197
58,580000,61.23712824037727,-55.86989,0.0,-225.36905,-0.015675494,8.065025,1.0,4.576672,6.5373907,3597.1396,64.60054,14.581186,102.68362,101.899185,103.18259,102.817955,23.290302,0.7,-103.652756,-1944.8522,0.0029323148,-19.802681,-8.327241,-7.706253,-6.7254114,-6.277099,6.237708e-07,0.3,1.1761017,54.548576,54.48437,55.006813,54.854225,0.7050148,0.41875,5.764481544494629,60.3488628188769
59,590000,69.32195889262992,-53.278595,0.0,-332.98627,-0.024357622,7.791038,1.0,4.7965646,20.467226,5111.3228,54.053017,16.758635,102.36804,102.10379,102.9817,103.41173,11.17805,0.7,-106.62798,-2348.9358,0.0002878628,-17.91356,-18.286594,-15.884678,-16.279663,-15.357047,7.8724116e-07,0.3,0.43623886,52.489716,52.371197,52.507683,52.401657,0.73302364,0.453125,6.591801166534424,61.363640073935194
60,600000,69.52012716968792,-57.478287,0.0,-187.962,-4.5219622e-05,7.62347,1.0,4.7040734,9.167865,4723.697,183.55925,17.65255,103.65592,103.25114,103.54377,102.9362,9.707379,0.7,-105.01274,-1914.1775,0.008554545,-21.907946,-10.219625,-8.588334,-8.494504,-6.77507,1.18813475e-07,0.3,0.71580744,56.54048,56.464787,56.198326,56.465183,0.65967155,0.4453125,6.874736070632935,62.41166596810023
61,610000,62.31810074156072,-57.151405,0.0,-169.05116,0.0009603019,7.251696,1.0,4.622538,10.168788,13131.769,82.88769,18.8783,100.40327,100.47446,99.35717,99.15595,27.018366,0.7,-102.63917,-2603.5298,0.0020878918,-17.972158,-9.266801,-10.445472,-6.6656027,-8.416768,3.042631e-07,0.3,0.28737754,55.828968,55.94628,55.79146,55.7862,0.7874825,0.4359375,6.12428879737854,63.45060597260793
62,620000,63.47450967445152,-57.769592,0.0,-200.58318,0.00213969,7.475714,1.0,3.8061438,8.117172,9566.443,212.08954,14.51864,96.376526,95.8962,95.39995,95.74145,35.34299,0.7,-97.34552,-2296.2705,0.0009668191,-19.78733,-6.256629,-6.7311926,-6.174563,-8.074405,2.2131019e-06,0.3,0.5705921,56.46613,56.59015,56.432983,56.329453,0.70699996,0.45624998,6.356023073196411,64.491525944074
63,630000,59.480977064201355,-57.718338,0.0,-278.8003,-0.02409231,7.742059,1.0,5.602276,10.701397,3287.1912,121.567116,17.253181,102.342285,102.14696,103.50011,103.38453,10.546804,0.7,-103.42205,-2375.45,0.0012082928,-18.94092,-9.755498,-8.379712,-10.31691,-10.770751,4.7253417e-07,0.3,1.0369042,56.369167,56.361862,56.20832,56.210472,0.65704507,0.40937495,5.78587007522583,65.52121927340825
64,640000,85.1273830337505,-56.729706,0.0,-363.48032,-0.0070996443,7.716891,1.0,3.6608853,13.542202,8455.031,75.640366,21.338223,103.239494,101.879486,99.84338,101.91384,36.258472,0.7,-105.17285,-2514.9321,0.0033985572,-14.046223,-11.107393,-9.396816,-8.631108,-9.945611,2.6911905e-06,0.3,0.70240307,55.56492,55.480507,55.382195,55.530014,0.7673961,0.42812496,8.037215948104858,66.58780403931935
65,650000,52.157919611811195,-56.396637,0.0,-188.19894,-0.007862726,6.575311,1.0,3.4221964,3.556506,14298.679,50.683502,28.85307,100.63861,100.49865,100.77749,100.45328,91.90344,0.7,-105.126434,-2397.8425,0.001294924,-26.478172,-6.0227714,-5.255001,-6.153886,-6.634166,7.242244e-06,0.3,0.56643033,55.186623,55.011124,54.762527,54.776093,1.057903,0.45468748,5.360682249069214,67.61105045874913
66,660000,72.46971570369595,-55.263813,0.0,-303.5123,-0.021175053,8.835212,1.0,4.173579,9.616225,4730.984,125.63234,20.882977,97.480034,97.631935,98.3251,98.21557,19.069511,0.7,-101.51898,-2512.093,8.091476e-05,-14.926864,-6.2113013,-8.979458,-7.610693,-8.401939,1.0913936e-08,0.3,0.41871017,54.103416,53.972717,54.37869,54.148094,0.72940105,0.4765625,7.161432504653931,68.66470964749654
67,670000,60.872808513503806,-59.50596,0.0,-290.62784,-0.0052412176,7.871834,1.0,4.8895726,8.61241,8340.72,131.77573,16.963818,100.80403,101.03639,100.4307,100.383736,31.916922,0.7,-102.80392,-2521.505,0.0013379424,-14.49593,-11.558435,-8.226398,-8.128248,-8.902365,5.0466045e-09,0.3,0.7563777,58.088825,58.050133,57.787865,57.862827,1.0852001,0.4890625,5.608572244644165,69.68577074209848
68,680000,58.52338866892865,-55.16057,0.0,-278.8388,0.0073947324,8.139907,1.0,4.638854,7.5403533,5415.3516,168.79462,18.32135,98.68773,100.06871,98.53171,98.73405,28.556273,0.7,-101.6879,-2270.5413,0.0032242276,-13.244482,-6.339913,-3.9112763,-5.1185274,-4.9226274,9.594687e-06,0.3,0.34019107,53.705452,53.717827,53.71718,53.850456,0.78822297,0.44687498,5.440822124481201,70.67854444583257
69,690000,65.20945655418393,-54.977413,0.0,-83.206856,0.000468611,8.317764,1.0,3.4600952,7.469822,11905.366,62.99005,22.682777,96.39854,97.43333,97.760345,99.02874,18.636513,0.7,-99.97616,-2497.4722,0.002082583,-23.767988,-8.630719,-9.633289,-11.1457,-8.996383,3.841025e-06,0.3,-0.25348723,53.512817,53.497948,53.650215,53.718533,0.8057968,0.4421875,5.883404731750488,71.68237821658452
70,700000,59.22919069382898,-56.086147,0.0,-355.862,-0.0012170098,8.067359,1.0,4.363287,9.236624,8358.086,189.59012,17.570887,101.15506,100.53016,101.42314,101.37579,21.039717,0.7,-102.71664,-2545.3914,0.005279727,-12.077372,-9.521334,-8.940888,-9.357474,-8.711699,2.0708907e-05,0.3,0.53053504,54.871696,54.797966,55.073807,54.824028,0.68601054,0.4484375,5.531302452087402,72.68323976596197
71,710000,81.88175112012983,-55.886555,0.0,-342.97125,-0.010449198,7.70942,1.0,3.8647108,10.434296,5130.5674,58.444916,15.541535,100.28333,99.35592,99.30291,99.66099,15.663819,0.7,-101.75007,-2516.299,7.8124576e-05,-18.09719,-12.248525,-13.852731,-11.048928,-12.213158,1.9252184e-09,0.3,0.68247485,54.978897,54.93835,55.16468,54.98869,0.59605646,0.43593746,7.424814462661743,73.70917097330093
72,720000,53.26527742766035,-56.014214,0.0,-302.20682,-0.01827223,7.452707,1.0,3.3761995,12.945286,12242.839,51.024757,22.250963,101.057465,100.3559,101.31849,102.53022,21.199282,0.7,-104.78829,-2451.642,0.0005724603,-17.250286,-8.337868,-7.813762,-7.69871,-8.21459,6.727976e-07,0.3,0.44015765,54.746513,54.815655,54.931683,55.099205,0.7254051,0.390625,5.056509017944336,74.69966560602188
73,730000,61.6080857258398,-53.261566,0.0,-256.24994,-0.0056110523,8.293742,1.0,3.81581,9.977813,11077.071,81.330536,30.703884,99.07947,100.165245,100.45858,97.77881,16.820423,0.7,-102.89733,-2453.3342,0.0037270752,-18.620255,-8.744815,-6.635891,-6.7805457,-6.536743,2.7732312e-07,0.3,0.45260888,51.806957,52.03193,52.11934,52.025993,0.78996843,0.49687496,5.800370931625366,75.70201518535615
74,740000,66.4901217451398,-55.86715,0.0,-390.58078,-3.9711594e-07,8.3799925,1.0,4.136944,6.4831476,4729.6294,45.626038,19.621582,97.96769,98.6084,98.66848,98.690155,16.639843,0.7,-100.43953,-2561.9453,4.6794303e-05,-15.819166,-7.0613894,-7.3990297,-7.9289293,-8.453254,4.9628256e-06,0.3,-0.02689176,54.64067,54.52788,54.622486,54.62861,0.8279916,0.4296875,6.187777280807495,76.706037012736
75,750000,63.28013787870289,-55.886818,0.0,-288.57324,-0.01647234,7.5326853,1.0,3.039906,6.9373217,5904.5967,36.21982,16.145712,101.93598,101.73066,102.69256,100.45699,13.098325,0.7,-103.43471,-2980.949,0.0060952893,-21.097141,-5.4343143,-4.267164,-5.5484405,-7.048627,4.4703485e-09,0.3,0.54758894,54.476173,54.496014,54.697678,54.44728,0.89620644,0.4703125,6.35703444480896,77.71398165225983
76,760000,75.17273173747411,-53.882755,0.0,-220.62306,-0.017848346,8.760812,1.0,5.083506,11.063328,8547.01,137.67404,22.943035,103.291046,103.38433,102.87268,103.26042,23.663889,0.7,-105.87106,-2920.5317,0.00863771,-19.49692,-8.878059,-9.032378,-11.651333,-10.0681715,2.0108091e-07,0.3,0.26432317,52.363503,52.11763,52.105255,52.259933,0.81131494,0.47187498,7.412286758422852,78.73929345210394
77,770000,60.925629526272886,-59.08349,0.0,-127.850204,-0.012841977,7.846233,1.0,4.1552935,4.5509915,16341.24,94.206635,30.985886,100.535225,100.817856,101.96517,101.776794,13.977386,0.7,-102.848495,-2801.9077,0.0053630555,-15.790612,-5.038951,-5.5368767,-5.8620973,-6.3245616,2.231216e-07,0.3,0.5866325,57.591957,57.683098,58.159935,58.222713,0.6401341,0.42187497,5.809292793273926,79.74023024638494
78,780000,77.24205329236197,-58.513588,0.0,-292.84018,0.0034476512,7.492453,1.0,3.7151198,5.970126,7943.2085,74.27612,15.671476,103.867096,103.83812,102.93833,102.92936,110.04242,0.7,-106.53513,-2549.0835,0.0020020264,-21.408371,-3.7332716,-5.1278467,-4.520618,-5.1454563,1.7462299e-11,0.3,0.5488325,57.42592,57.302925,57.241264,57.365017,1.4193804,0.459375,7.112672567367554,80.76357319355012
79,790000,55.659470867962,-54.41588,0.0,-343.93573,-0.0027371892,7.434888,1.0,4.555688,8.767775,11570.601,56.987366,18.393373,99.092476,99.363556,100.60027,99.850334,12.056011,0.7,-100.902435,-3042.2642,0.028078217,-17.587797,-9.892092,-8.871176,-11.820894,-9.616607,7.8853196e-07,0.3,-0.0090955645,53.215958,53.10225,53.785477,53.7937,0.69710827,0.3828125,5.247521162033081,81.75197530984879
80,800000,64.6704164276738,-55.59876,0.0,-354.93762,-0.0076041133,8.30108,1.0,6.7876306,5.461849,5213.3647,115.61153,19.210875,102.55227,103.345795,102.169754,102.474556,29.754618,0.7,-105.64952,-2792.0173,0.005845656,-18.154129,-4.5229945,-5.6579013,-6.414355,-7.233343,4.0686687e-06,0.3,0.5218334,54.192215,54.17394,53.360695,53.562195,0.84898496,0.5124999,6.2324607372283936,82.75852676232655
81,810000,63.572059997770346,-56.965755,0.0,-314.32916,-0.015301215,7.270252,1.0,3.6361046,8.232019,7231.6704,52.702576,22.846655,102.52486,102.515755,103.42565,102.087494,19.25969,0.7,-104.193016,-2902.5503,0.0043905457,-11.8714905,-5.6831813,-6.0307946,-8.291819,-8.60306,3.2822853e-05,0.3,1.305485,55.680244,55.769688,55.65236,55.573627,0.62650275,0.4796875,5.977678537368774,83.7625853617986
82,820000,66.39200920699417,-55.878963,0.0,-247.05057,-0.011340246,8.132326,1.0,3.2378607,9.515144,20786.908,38.02896,17.421812,102.23932,102.91174,102.13171,102.644394,15.983049,0.7,-105.18687,-3146.6555,0.0062655904,-17.851887,-10.668656,-10.624467,-9.95879,-11.061276,1.58907e-05,0.3,0.24577154,54.4569,54.338272,54.69529,54.698563,0.7301864,0.4453125,5.9669671058654785,84.76890250841777
83,830000,51.09913047484699,-57.76912,0.0,-314.52423,-0.011395107,8.14403,1.0,3.3875072,6.932495,8304.133,50.76416,22.281105,96.7426,97.71418,97.33279,97.50117,23.104132,0.7,-100.69805,-2897.2075,0.00058390433,-15.441862,-6.7699184,-7.3992143,-7.7685776,-7.339476,6.722014e-05,0.3,0.8709735,56.291374,56.170204,56.45593,56.76711,0.8391247,0.396875,4.919879198074341,85.75777975718181
84,840000,72.40244368959074,-51.603542,0.0,-293.61444,-0.0018890545,8.093504,1.0,5.581299,7.2582245,12053.286,95.37488,30.27272,96.42869,96.338005,96.13356,95.95375,24.20771,0.7,-97.95068,-3446.7122,0.0046470948,-13.474457,-4.22299,-5.0139003,-4.0511136,-4.7495546,6.992312e-05,0.3,0.398541,50.361023,50.401352,50.517815,50.53911,0.9974576,0.43906248,6.467803239822388,86.7650202234586
85,850000,58.593104062670044,-57.592094,0.0,-107.18413,-0.017389772,8.070757,1.0,3.8492346,7.106389,14415.499,114.1837,27.635967,98.005775,98.23095,98.09613,98.05783,16.720312,0.7,-100.05214,-2960.9558,0.0005670444,-14.837856,-6.3352733,-6.0624037,-5.984775,-6.409081,7.6642465e-07,0.3,0.69408804,56.155277,55.992615,56.080963,55.848366,0.68569005,0.4640625,5.586687803268433,87.76166796684265
86,860000,78.68611092860299,-55.331417,0.0,-264.3283,-0.019234164,7.6359096,1.0,3.5938993,11.39246,14470.339,55.37485,30.417534,101.35968,101.18631,102.71644,102.82159,10.568194,0.7,-104.44861,-2866.3223,0.012809457,-13.818534,-13.340205,-13.707884,-11.971986,-13.383113,8.301756e-06,0.3,0.65946513,53.872887,53.70192,54.289207,54.496315,0.6967523,0.40624997,6.984355688095093,88.78406627178192
87,870000,72.61704687384943,-55.672157,0.0,-250.62747,-0.003989396,8.109798,1.0,4.160633,3.8081584,8026.2285,72.54737,37.00732,99.506294,98.52923,99.35653,98.915695,30.050112,0.7,-100.15436,-3146.4114,0.0027463771,-24.048088,-4.4747105,-8.1329,-5.0490007,-5.079127,7.746781e-07,0.3,0.9143662,54.478127,54.456387,54.822487,54.66395,0.781134,0.45468748,4.704313039779663,89.76663959821066
88,880000,73.06645799928751,-56.1026,0.0,-180.89801,0.0006747019,7.6500626,1.0,4.34869,4.051388,9732.969,123.01117,20.277426,101.64996,101.769295,103.05587,101.3097,28.672598,0.7,-103.6367,-3302.6,0.0017512138,-22.436132,-3.634509,-0.55164015,-2.8579888,-0.09685457,1.3407799e-05,0.3,0.44787127,54.73774,54.56635,54.623173,54.74862,0.879599,0.428125,6.587079286575317,90.78577173153559
89,890000,61.88583276417506,-55.131268,0.0,-142.32562,0.025280988,8.701089,1.0,4.363265,11.046436,15750.729,57.913506,26.140162,103.08684,99.29906,100.80798,100.5881,15.212568,0.7,-101.149796,-3083.2358,0.015979696,-14.037823,-8.757263,-9.416022,-7.836746,-8.355799,1.0913936e-06,0.3,0.6496209,53.754272,53.82299,53.69993,53.769016,0.70240426,0.44062498,5.537046670913696,91.78334540526072
90,900000,61.656540014235986,-55.674736,0.0,-313.09656,-0.019106498,7.8668184,1.0,3.9272285,9.258664,4644.478,85.108826,19.994751,100.14335,101.16591,100.64313,99.63124,18.368753,0.7,-102.00193,-2645.127,9.599945e-05,-18.488638,-8.1626005,-8.58214,-8.714804,-10.199903,6.0580383e-06,0.3,1.0052882,54.48218,54.583244,54.751076,54.60592,0.75316477,0.45,5.715115785598755,92.78620955149333
91,910000,63.39457811329484,-58.197372,0.0,-195.74158,-0.028234018,8.047357,1.0,5.345714,13.586494,12887.002,131.49258,19.161673,101.24821,101.074196,100.4938,100.30935,215.51242,0.7,-103.053894,-3878.2544,0.003239733,-16.375078,-12.306587,-9.551006,-12.870144,-12.265317,9.216641e-06,0.3,0.96798414,56.76738,56.80493,56.503807,56.818035,1.618247,0.465625,5.744016408920288,93.79087274869283
92,920000,65.11452759687664,-56.097843,0.0,-109.120926,-0.007734082,7.4131746,1.0,3.2371886,9.005655,18966.875,53.794044,18.552515,94.898384,94.97602,95.25391,95.53169,30.033106,0.7,-97.69934,-3232.542,0.000139318,-15.490406,-3.6961262,-5.3374248,-9.63767,-6.5533814,7.8271674e-05,0.3,0.85958743,54.739105,54.904297,54.789604,55.020233,0.6977109,0.3984375,5.870491981506348,94.80005669593811
93,930000,66.34859460279246,-55.148087,0.0,-316.29733,-0.018780114,8.206049,1.0,6.702893,7.099477,8504.724,638.5637,19.440773,96.70229,96.697716,97.50166,96.18743,29.61445,0.7,-98.55156,-3361.4297,0.0063118692,-13.007679,-8.517227,-7.94711,-6.7861147,-7.975397,5.7534085e-06,0.3,0.0019848347,53.4752,53.369316,52.89057,53.269302,0.91259396,0.446875,6.234385013580322,95.81252257823944
94,940000,70.73336351906339,-54.6301,0.0,-443.3766,-0.026398439,8.703014,1.0,4.0633087,9.695352,7351.0264,42.35792,16.256575,98.47369,98.84636,99.21478,99.78514,17.728321,0.7,-100.44306,-3178.229,0.012266592,-16.489645,-8.305079,-6.192396,-6.3274665,-6.0799274,1.0825635e-06,0.3,0.4220938,52.99141,53.136333,53.250145,53.278854,0.795788,0.425,6.409782648086548,96.82513581514358
95,950000,75.50066057899133,-54.84597,0.0,-215.33249,-0.010950968,9.050295,1.0,3.901146,12.575802,6471.062,70.56683,29.641687,99.96636,98.85438,98.12404,97.56327,16.024763,0.7,-101.3636,-3635.6824,0.0032150901,-15.985315,-10.501577,-12.518029,-12.469989,-11.522264,1.4913822e-07,0.3,0.4903237,53.402245,53.329662,53.444664,53.54559,0.8091067,0.4375,6.8797290325164795,97.84870866537094
96,955000,67.6666154952097,-55.24651,0.0,-392.52216,-0.018073345,7.8690677,1.0,2.6516128,6.188792,12906.463,36.220932,17.868315,96.16379,96.23981,96.88031,96.76697,11.224836,0.7,-97.590866,-3741.5444,0.0043801903,-14.506622,-7.080716,-6.2554913,-6.353639,-7.967228,3.873854e-06,0.3,0.27283984,54.04573,54.16382,54.26006,54.100533,0.59969795,0.5015625,6.144087553024292,98.405730676651
97,960000,70.80065262633671,-59.040646,0.0,-553.3112,-0.01142661,8.167691,1.0,4.265679,12.887379,3998.1567,136.9743,18.984417,96.75932,97.38456,97.22252,96.39467,10.956639,0.7,-100.345825,-3421.991,0.008732078,-18.842722,-8.6316805,-7.111938,-6.675342,-7.420887,5.291954e-06,0.3,0.43077904,58.048935,58.173088,58.597248,58.376297,0.718413,0.4578125,6.471223592758179,98.96701224247614
98,965000,67.61595435485755,-57.384644,0.0,-229.64601,-0.021567859,7.973765,1.0,4.144947,1.8155754,4838.047,144.97852,17.424667,93.72266,94.308754,93.540535,93.55837,19.703888,0.7,-96.0106,-2977.266,0.004299796,-16.205788,-0.65689135,-3.8201365,-2.029694,-1.9649652,8.361315e-06,0.3,1.1212124,55.547424,55.51451,55.601288,55.595894,0.72025657,0.45,6.166703939437866,99.51955948670705
99,970000,72.54557586977761,-58.337463,0.0,-169.45744,0.006037144,7.7219086,1.0,4.133025,9.099884,19878.773,57.638466,15.83637,97.58756,98.059975,98.305115,98.122284,9.306933,0.7,-100.2864,-3398.0935,0.004736689,-20.266169,-4.411791,-4.4192333,-4.9388466,-5.795345,8.3138e-06,0.3,1.0052531,57.046173,57.0473,57.684364,57.61876,0.50185215,0.40625,6.5117082595825195,100.08322530587515
100,975000,58.484541388086,-57.474724,0.0,-478.10196,-0.010213952,7.773212,1.0,3.0724735,9.719092,7236.201,28.700464,17.682735,98.32613,97.555786,96.727165,96.34315,16.926315,0.7,-99.11958,-4555.4307,0.00053107843,-15.431997,-6.246617,-6.193039,-7.3829474,-7.48533,8.3368946e-07,0.3,0.456351,56.288628,56.144264,56.023148,56.2415,0.7107536,0.4140625,5.304787874221802,100.6261233051618
101,980000,70.05592428904407,-59.61717,0.0,-306.48975,0.00569033,7.4042726,1.0,4.6603174,-1.1460278,9782.603,69.17889,17.697142,102.52036,102.157776,102.40801,101.88694,13.789064,0.7,-105.04897,-3991.584,0.0011944149,-17.800268,1.2406962,0.50175166,0.053616226,-0.45286673,1.5959424e-05,0.3,0.7551919,58.071754,58.0185,57.385128,57.797417,0.59369344,0.4453125,6.444021463394165,101.18581943114599
102,985000,64.57561400317755,-53.211525,0.0,-447.57285,-0.0069077844,7.9722133,1.0,3.5952961,8.714354,6553.1406,66.00805,20.089176,99.89858,100.6715,101.31925,99.44103,27.541641,0.7,-102.32465,-4689.688,0.00030264218,-22.672968,-7.723589,-9.941461,-8.338336,-9.208211,3.8904077e-06,0.3,0.90860564,52.236046,52.257866,51.922337,51.787132,0.77532554,0.5171875,5.933382511138916,101.73846305211386
103,990000,63.46735461997412,-56.197823,0.0,-400.59637,0.004507223,7.1338897,1.0,3.8348284,9.107214,5299.95,60.353508,21.283602,103.36018,102.456535,103.72774,103.39026,8.557358,0.7,-104.16068,-2958.3296,0.0149439825,-18.003214,-7.856762,-8.384969,-9.569385,-7.554975,1.3253929e-06,0.3,0.5536824,54.62416,54.867832,55.21997,55.283295,0.59459466,0.434375,6.183339834213257,102.29318279822668
104,995000,74.5610448418899,-54.596962,0.0,-417.48175,-0.015496246,8.219226,1.0,3.8407729,10.533063,5179.184,60.572914,16.761295,98.182655,98.76269,98.1287,98.50742,25.38432,0.7,-101.99271,-3840.6782,0.00039822218,-14.11323,-7.2268305,-8.87368,-8.697798,-7.2689514,1.9713298e-05,0.3,0.35227412,53.321457,53.075554,53.152714,53.738388,0.92147946,0.40468746,6.760156631469727,102.85727915763854
105,1000000,70.72803555074525,-56.07466,0.0,-343.31464,-0.013422427,8.309156,1.0,3.947964,9.748329,9997.104,84.0078,15.659925,101.1151,100.836525,102.840996,101.55424,23.57603,0.7,-103.85394,-3341.1143,0.003975392,-22.204906,-9.741156,-10.055088,-11.213476,-10.142728,5.7602574e-05,0.3,1.1379361,54.624367,54.63272,55.036507,54.838676,0.82115674,0.4578125,6.956589937210083,103.42534676790237
